Series Name,Series Code,Country Name,Country Code,1990 [YR1990],2000 [YR2000],2009 [YR2009],2010 [YR2010],2011 [YR2011],2012 [YR2012],2013 [YR2013],2014 [YR2014],2015 [YR2015],2016 [YR2016],2017 [YR2017],2018 [YR2018]
Renewable energy consumption (% of total final energy consumption),EG.FEC.RNEW.ZS,Afghanistan,AFG,15.92453168,54.24312637,17.81385476,14.83980596,11.48270623,13.97358569,16.33429251,19.31426861,18.42347717,..,..,..
Renewable energy consumption (% of total final energy consumption),EG.FEC.RNEW.ZS,Albania,ALB,25.51808763,41.44541557,37.2166378,37.11532977,35.9625316,40.0482996,41.28897372,38.68950076,38.61521047,..,..,..
Renewable energy consumption (% of total final energy consumption),EG.FEC.RNEW.ZS,Algeria,DZA,0.177228303,0.42737224,0.311808049,0.258071762,0.177339472,0.188181413,0.140451785,0.068640475,0.058958684,..,..,..
Renewable energy consumption (% of total final energy consumption),EG.FEC.RNEW.ZS,American Samoa,ASM,0,0,0,0,0,0.702426574,0.70314054,0.700882415,0.885478202,..,..,..
Renewable energy consumption (% of total final energy consumption),EG.FEC.RNEW.ZS,Andorra,AND,14.27355021,14.89066404,17.51594817,19.09072997,18.97154584,19.19552869,19.56369803,19.88632294,19.74780863,..,..,..
Renewable energy consumption (% of total final energy consumption),EG.FEC.RNEW.ZS,Angola,AGO,72.25525192,74.61817144,55.74897651,54.19383662,52.71567876,52.24573631,50.68611601,50.79746068,49.56821033,..,..,..
Renewable energy consumption (% of total final energy consumption),EG.FEC.RNEW.ZS,Antigua and Barbuda,ATG,0,0,0,0,0,0,0,0,0,..,..,..
Renewable energy consumption (% of total final energy consumption),EG.FEC.RNEW.ZS,Argentina,ARG,8.922907467,11.07795513,8.574061175,8.961445952,10.11684672,9.866701702,10.2103229,10.90195793,10.04007761,..,..,..
Renewable energy consumption (% of total final energy consumption),EG.FEC.RNEW.ZS,Armenia,ARM,2.118944341,7.164263504,7.800556095,9.359817006,8.009615307,6.565711312,6.771217636,7.72473444,15.79200384,..,..,..
Renewable energy consumption (% of total final energy consumption),EG.FEC.RNEW.ZS,Aruba,ABW,0.268747069,0.175266081,0.299773816,5.464715906,5.661788374,6.855849569,6.889752984,6.927501542,6.726747566,..,..,..
Renewable energy consumption (% of total final energy consumption),EG.FEC.RNEW.ZS,Australia,AUS,8.009577159,8.423340659,7.112827151,8.109027293,8.25618115,8.247109347,9.08848191,9.278198457,9.18050296,..,..,..
Renewable energy consumption (% of total final energy consumption),EG.FEC.RNEW.ZS,Austria,AUT,25.13575415,26.38785604,30.51438899,30.65921657,30.98859372,33.42653748,34.68060041,35.39427334,34.39499175,..,..,..
Renewable energy consumption (% of total final energy consumption),EG.FEC.RNEW.ZS,Azerbaijan,AZE,0.722062718,2.065646075,3.269144729,4.449734285,3.556332586,2.845521872,2.52609484,2.116818616,2.310757686,..,..,..
Renewable energy consumption (% of total final energy consumption),EG.FEC.RNEW.ZS,"Bahamas, The",BHS,0,0,1.915094489,1.65566802,1.426272685,1.18468573,0.843903144,1.088802769,1.210512884,..,..,..
Renewable energy consumption (% of total final energy consumption),EG.FEC.RNEW.ZS,Bahrain,BHR,0,0,0,0,0,0,0,0,0,..,..,..
Renewable energy consumption (% of total final energy consumption),EG.FEC.RNEW.ZS,Bangladesh,BGD,71.6649713,59.00848427,43.68911699,41.05084179,39.43785524,38.61267863,38.76048127,37.63448349,34.74706901,..,..,..
Renewable energy consumption (% of total final energy consumption),EG.FEC.RNEW.ZS,Barbados,BRB,18.94217652,13.62129553,9.380154784,9.031334484,4.584401714,4.132185058,3.400369191,3.156616954,2.786358206,..,..,..
Renewable energy consumption (% of total final energy consumption),EG.FEC.RNEW.ZS,Belarus,BLR,0.817357745,4.982605158,6.778641202,7.016370184,7.378483424,7.249393996,7.009208669,6.634180601,6.770869532,..,..,..
Renewable energy consumption (% of total final energy consumption),EG.FEC.RNEW.ZS,Belgium,BEL,1.269461495,1.447083486,4.833459354,5.837391476,6.632065148,7.758729066,8.129434523,9.073995098,9.201640531,..,..,..
Renewable energy consumption (% of total final energy consumption),EG.FEC.RNEW.ZS,Belize,BLZ,38.01163269,34.55258952,26.61718863,33.7103437,31.02376044,37.11449396,34.6588617,36.90616801,35.0236296,..,..,..
Renewable energy consumption (% of total final energy consumption),EG.FEC.RNEW.ZS,Benin,BEN,93.70324086,70.28899198,52.82784348,48.1172541,49.4518136,51.14601561,52.71099969,52.53798821,50.86261794,..,..,..
Renewable energy consumption (% of total final energy consumption),EG.FEC.RNEW.ZS,Bermuda,BMU,0,0,2.608358993,2.39176852,2.316647053,2.135004665,1.928165793,1.994798608,2.359588007,..,..,..
Renewable energy consumption (% of total final energy consumption),EG.FEC.RNEW.ZS,Bhutan,BTN,95.89885217,91.39804294,92.60601762,90.89041792,89.60533207,88.04230639,87.03783621,87.025618,86.90454832,..,..,..
Renewable energy consumption (% of total final energy consumption),EG.FEC.RNEW.ZS,Bolivia,BOL,37.35900159,27.39057224,19.99222073,20.0699703,19.28839817,17.9232292,18.63526119,16.8179625,17.53818183,..,..,..
Renewable energy consumption (% of total final energy consumption),EG.FEC.RNEW.ZS,Bosnia and Herzegovina,BIH,7.300098695,19.35300602,17.43482699,19.56884689,14.15822839,15.27916627,19.47739656,41.74546278,40.75006023,..,..,..
Renewable energy consumption (% of total final energy consumption),EG.FEC.RNEW.ZS,Botswana,BWA,47.58463784,36.55527024,28.27674239,30.18609325,29.99679664,29.74852595,29.21884894,28.80052102,28.87982699,..,..,..
Renewable energy consumption (% of total final energy consumption),EG.FEC.RNEW.ZS,Brazil,BRA,49.86467493,42.79877399,49.11372304,47.00666157,45.46855053,43.6207953,42.44784254,41.84187872,43.7903892,..,..,..
Renewable energy consumption (% of total final energy consumption),EG.FEC.RNEW.ZS,British Virgin Islands,VGB,1.453020078,1.046448028,0.831967786,0.846844043,1.052902014,1.089967527,1.157790712,1.216805188,1.229135669,..,..,..
Renewable energy consumption (% of total final energy consumption),EG.FEC.RNEW.ZS,Brunei Darussalam,BRN,0.671759471,0,0,0,0.01583074,0.014790792,0.013528143,0.013976191,0.014935036,..,..,..
Renewable energy consumption (% of total final energy consumption),EG.FEC.RNEW.ZS,Bulgaria,BGR,1.916848509,7.983176683,11.66017379,14.3675278,13.27702936,15.75145216,18.15701907,16.96662481,17.65007793,..,..,..
Renewable energy consumption (% of total final energy consumption),EG.FEC.RNEW.ZS,Burkina Faso,BFA,93.15806029,85.4050025,83.59720868,81.45402374,80.5721976,77.17503674,75.42696802,75.24264911,74.16718786,..,..,..
Renewable energy consumption (% of total final energy consumption),EG.FEC.RNEW.ZS,Burundi,BDI,95.20067222,93.22569284,96.91966596,96.75782464,96.59420681,93.9586937,94.06924338,94.59818282,95.67892425,..,..,..
Renewable energy consumption (% of total final energy consumption),EG.FEC.RNEW.ZS,Cabo Verde,CPV,36.63404152,28.97823798,26.16168689,21.73605211,21.62045107,24.40388395,26.12546743,26.19642302,26.5797159,..,..,..
Renewable energy consumption (% of total final energy consumption),EG.FEC.RNEW.ZS,Cambodia,KHM,..,81.13607553,71.32193694,68.51846752,68.16174548,68.2603726,68.972156,68.00791011,64.92377591,..,..,..
Renewable energy consumption (% of total final energy consumption),EG.FEC.RNEW.ZS,Cameroon,CMR,81.59313508,84.48261803,79.09346479,78.60423417,78.36926213,78.04783832,77.61457827,76.97539079,76.53840041,..,..,..
Renewable energy consumption (% of total final energy consumption),EG.FEC.RNEW.ZS,Canada,CAN,22.02075369,21.51040106,22.70125736,22.08098938,21.96541861,22.61025847,22.37967975,22.02465154,22.02535921,..,..,..
Renewable energy consumption (% of total final energy consumption),EG.FEC.RNEW.ZS,Cayman Islands,CYM,0,0,0,0,0,0,0,0,0,..,..,..
Renewable energy consumption (% of total final energy consumption),EG.FEC.RNEW.ZS,Central African Republic,CAF,93.49428096,85.07342559,80.57925792,79.81060354,78.76716705,78.02788666,77.07997749,76.90304119,76.56702001,..,..,..
Renewable energy consumption (% of total final energy consumption),EG.FEC.RNEW.ZS,Chad,TCD,98.1635271,97.16367648,91.05415366,90.78835503,90.59736654,90.65051141,89.4572677,89.2400627,89.35739557,..,..,..
Renewable energy consumption (% of total final energy consumption),EG.FEC.RNEW.ZS,Channel Islands,CHI,..,..,..,..,..,..,..,..,..,..,..,..
Renewable energy consumption (% of total final energy consumption),EG.FEC.RNEW.ZS,Chile,CHL,34.02687057,31.36150999,31.52545784,27.04274094,28.79008756,30.30273423,30.17723846,26.71709933,24.88255427,..,..,..
Renewable energy consumption (% of total final energy consumption),EG.FEC.RNEW.ZS,China,CHN,34.08361405,29.73071484,13.91196227,12.88431031,11.69579699,11.96856703,11.8381669,12.22382301,12.41335257,..,..,..
Renewable energy consumption (% of total final energy consumption),EG.FEC.RNEW.ZS,Colombia,COL,38.25119669,28.02566208,29.55461041,27.93153502,26.78103662,26.64429131,24.47048951,24.44180909,23.56475752,..,..,..
Renewable energy consumption (% of total final energy consumption),EG.FEC.RNEW.ZS,Comoros,COM,49.83857352,48.25214947,49.81909865,46.40799751,47.79395348,48.00765026,44.08142649,46.61559093,45.33305239,..,..,..
Renewable energy consumption (% of total final energy consumption),EG.FEC.RNEW.ZS,"Congo, Dem. Rep.",COD,92.04773164,97.93995991,97.01889107,96.82782153,96.24517537,95.52836866,94.01274826,92.87131108,95.81769971,..,..,..
Renewable energy consumption (% of total final energy consumption),EG.FEC.RNEW.ZS,"Congo, Rep.",COG,65.41378681,64.85336209,56.38771547,55.14974864,64.94712294,65.51149304,62.68742746,62.3963358,62.40211902,..,..,..
Renewable energy consumption (% of total final energy consumption),EG.FEC.RNEW.ZS,Costa Rica,CRI,45.3807809,32.94784251,42.26680959,42.31125269,40.50212372,38.62385459,38.07484182,37.84254113,38.73341388,..,..,..
Renewable energy consumption (% of total final energy consumption),EG.FEC.RNEW.ZS,Cote d'Ivoire,CIV,73.58234924,63.71597425,73.67293672,75.37014337,78.89574715,74.90455645,72.57985296,72.22378455,64.52802565,..,..,..
Renewable energy consumption (% of total final energy consumption),EG.FEC.RNEW.ZS,Croatia,HRV,21.92317971,26.78818026,27.17825646,29.77504731,27.18623939,29.42194887,32.8375106,33.64819127,33.12746664,..,..,..
Renewable energy consumption (% of total final energy consumption),EG.FEC.RNEW.ZS,Cuba,CUB,42.8902011,34.43082042,16.12421036,13.15763195,16.68021184,17.10235036,16.88796521,18.79844289,19.28132064,..,..,..
Renewable energy consumption (% of total final energy consumption),EG.FEC.RNEW.ZS,Curacao,CUW,0,0.072376341,0.248549943,0.243917905,0.241650877,0.357017933,0.355516897,0.348989719,0.347766268,..,..,..
Renewable energy consumption (% of total final energy consumption),EG.FEC.RNEW.ZS,Cyprus,CYP,0.495929367,3.096656827,5.978516167,6.353225599,7.415751985,8.338900172,9.495930361,9.363295684,9.942066016,..,..,..
Renewable energy consumption (% of total final energy consumption),EG.FEC.RNEW.ZS,Czech Republic,CZE,3.571507027,5.941129661,10.21416204,10.91771998,12.12060346,12.76281601,13.92371891,14.83074209,14.82856195,..,..,..
Renewable energy consumption (% of total final energy consumption),EG.FEC.RNEW.ZS,Denmark,DNK,7.041559801,10.73720082,19.34276393,21.35483646,23.89896727,27.28195688,27.3428386,30.27163128,33.17027717,..,..,..
Renewable energy consumption (% of total final energy consumption),EG.FEC.RNEW.ZS,Djibouti,DJI,26.59282984,31.44321909,33.31297992,34.43334712,34.44418956,34.06582999,34.01482168,34.15104745,15.38059522,..,..,..
Renewable energy consumption (% of total final energy consumption),EG.FEC.RNEW.ZS,Dominica,DMA,14.60310056,11.03438624,8.163871468,8.910212018,11.47552161,9.732876925,9.880580289,8.611797666,7.82979664,..,..,..
Renewable energy consumption (% of total final energy consumption),EG.FEC.RNEW.ZS,Dominican Republic,DOM,28.01157941,18.42361063,17.55006763,16.97540917,17.24293489,17.04545885,17.50936425,18.01902034,16.48010921,..,..,..
Renewable energy consumption (% of total final energy consumption),EG.FEC.RNEW.ZS,Ecuador,ECU,24.19854913,20.03302979,13.29950509,12.1066394,13.34571557,13.10009793,12.67573312,12.21813952,13.81668594,..,..,..
Renewable energy consumption (% of total final energy consumption),EG.FEC.RNEW.ZS,"Egypt, Arab Rep.",EGY,8.50246618,8.101748497,5.762878613,5.724101953,5.5846389,5.554171218,5.707898094,5.866044914,5.709377265,..,..,..
Renewable energy consumption (% of total final energy consumption),EG.FEC.RNEW.ZS,El Salvador,SLV,67.13703581,50.86406326,29.2966896,30.76614291,30.30938787,27.25567441,28.1612531,28.26544315,24.40076999,..,..,..
Renewable energy consumption (% of total final energy consumption),EG.FEC.RNEW.ZS,Equatorial Guinea,GNQ,84.71085961,52.57802237,6.09888921,5.951101818,5.644318235,5.352098458,5.958178976,7.643274898,7.822799777,..,..,..
Renewable energy consumption (% of total final energy consumption),EG.FEC.RNEW.ZS,Eritrea,ERI,..,76.78294418,81.80609533,81.24659878,80.75144845,80.22989797,80.23314394,79.9301497,79.7674723,..,..,..
Renewable energy consumption (% of total final energy consumption),EG.FEC.RNEW.ZS,Estonia,EST,3.356078624,19.83711902,24.0887687,25.12989194,24.98354179,24.90855886,24.47524489,25.32605914,27.47683347,..,..,..
Renewable energy consumption (% of total final energy consumption),EG.FEC.RNEW.ZS,Eswatini,SWZ,85.24571644,48.19242994,64.69377563,62.68198971,61.25116041,62.47325796,66.71406415,67.69408862,66.10465921,..,..,..
Renewable energy consumption (% of total final energy consumption),EG.FEC.RNEW.ZS,Ethiopia,ETH,96.63538677,95.95322791,94.60484215,94.51739029,94.01290641,93.75025898,93.00085661,92.06765188,92.16346114,..,..,..
Renewable energy consumption (% of total final energy consumption),EG.FEC.RNEW.ZS,Faroe Islands,FRO,2.544771435,2.771997552,5.123149803,3.377679026,4.997063916,4.700881155,4.322601404,6.535815103,7.513580492,..,..,..
Renewable energy consumption (% of total final energy consumption),EG.FEC.RNEW.ZS,Fiji,FJI,53.09400578,52.87580823,34.98531728,29.61248725,33.92513188,32.7872442,36.41806208,34.57182093,31.26394709,..,..,..
Renewable energy consumption (% of total final energy consumption),EG.FEC.RNEW.ZS,Finland,FIN,24.50843148,31.6654966,32.59873157,33.58206418,35.25797986,38.80266701,38.47970587,41.23524065,43.23526259,..,..,..
Renewable energy consumption (% of total final energy consumption),EG.FEC.RNEW.ZS,France,FRA,10.40801913,9.256000137,11.22200621,11.8458733,10.91369044,12.37295876,13.47737443,13.34702464,13.49926232,..,..,..
Renewable energy consumption (% of total final energy consumption),EG.FEC.RNEW.ZS,French Polynesia,PYF,4.731666167,9.935890582,9.373721129,11.57413795,9.785654675,9.344918555,8.831679003,10.16235651,9.829154767,..,..,..
Renewable energy consumption (% of total final energy consumption),EG.FEC.RNEW.ZS,Gabon,GAB,78.28066537,72.77910829,88.09575358,85.88337354,79.76859843,75.51430637,82.22761468,81.35160969,82.00784369,..,..,..
Renewable energy consumption (% of total final energy consumption),EG.FEC.RNEW.ZS,"Gambia, The",GMB,61.44186978,63.13448556,53.40385892,54.70514883,54.15786592,54.21838668,56.64222686,51.93079476,51.50886249,..,..,..
Renewable energy consumption (% of total final energy consumption),EG.FEC.RNEW.ZS,Georgia,GEO,12.77399758,47.25427953,36.72040611,39.14857299,31.53766065,28.69262327,34.97923359,31.89297634,28.66253881,..,..,..
Renewable energy consumption (% of total final energy consumption),EG.FEC.RNEW.ZS,Germany,DEU,2.098033775,3.70043759,9.63006157,10.29351964,11.39435591,12.01513573,12.08907875,13.37887823,14.2062527,..,..,..
Renewable energy consumption (% of total final energy consumption),EG.FEC.RNEW.ZS,Ghana,GHA,80.62642197,71.61675588,49.9081594,49.77878626,48.01109666,44.48368438,44.04296471,45.04949208,41.41279431,..,..,..
Renewable energy consumption (% of total final energy consumption),EG.FEC.RNEW.ZS,Gibraltar,GIB,0,0,0,0,0,0,0,0,0,..,..,..
Renewable energy consumption (% of total final energy consumption),EG.FEC.RNEW.ZS,Greece,GRC,7.806882299,7.52078501,8.920028783,11.09298261,11.08831581,13.85937775,16.29381751,16.08579272,17.17004755,..,..,..
Renewable energy consumption (% of total final energy consumption),EG.FEC.RNEW.ZS,Greenland,GRL,0,12.19859542,8.590341183,9.829419013,12.21902684,12.16522458,13.30346347,14.90047601,15.53381651,..,..,..
Renewable energy consumption (% of total final energy consumption),EG.FEC.RNEW.ZS,Grenada,GRD,8.342131789,10.47376111,10.4431309,10.49634586,11.23748427,11.3438088,10.88576513,11.07681462,10.91957215,..,..,..
Renewable energy consumption (% of total final energy consumption),EG.FEC.RNEW.ZS,Guam,GUM,0,0,0,0,0,0,0,0,0,..,..,..
Renewable energy consumption (% of total final energy consumption),EG.FEC.RNEW.ZS,Guatemala,GTM,74.96532992,62.74294001,58.30268259,66.58523597,66.41722638,66.2193653,64.97796498,59.90100231,63.65099179,..,..,..
Renewable energy consumption (% of total final energy consumption),EG.FEC.RNEW.ZS,Guinea,GIN,89.29714418,85.61936089,79.25049428,75.70907041,74.74868466,76.36784822,78.53290664,78.51787531,76.26839132,..,..,..
Renewable energy consumption (% of total final energy consumption),EG.FEC.RNEW.ZS,Guinea-Bissau,GNB,88.57960543,91.23772485,87.89475186,87.80712886,87.71512515,87.60635625,87.42242388,87.06001713,86.85179394,..,..,..
Renewable energy consumption (% of total final energy consumption),EG.FEC.RNEW.ZS,Guyana,GUY,42.2339423,39.50352144,33.70252495,33.84141565,36.30064763,28.25642628,26.26672787,24.01520131,25.25872772,..,..,..
Renewable energy consumption (% of total final energy consumption),EG.FEC.RNEW.ZS,Haiti,HTI,81.1195732,76.04014456,76.87040998,79.02484324,79.00636972,83.16109801,82.33475811,78.39123834,76.07221323,..,..,..
Renewable energy consumption (% of total final energy consumption),EG.FEC.RNEW.ZS,Honduras,HND,70.12908225,55.12760621,52.5970072,53.15536469,51.96953753,48.77768569,49.76716726,54.04094179,51.53741358,..,..,..
Renewable energy consumption (% of total final energy consumption),EG.FEC.RNEW.ZS,"Hong Kong SAR, China",HKG,1.073856299,0.597431642,0.649481505,0.834900884,1.065135915,0.824365082,0.901276843,0.858141923,0.852783452,..,..,..
Renewable energy consumption (% of total final energy consumption),EG.FEC.RNEW.ZS,Hungary,HUN,3.856669561,5.166111848,8.399154789,13.45602883,14.74299174,16.46520462,17.19638871,15.67454982,15.55936205,..,..,..
Renewable energy consumption (% of total final energy consumption),EG.FEC.RNEW.ZS,Iceland,ISL,54.67215495,60.66047706,74.12387755,75.41969184,76.45085366,77.34468142,76.21949595,76.33887098,77.02968921,..,..,..
Renewable energy consumption (% of total final energy consumption),EG.FEC.RNEW.ZS,India,IND,58.65285835,51.57934762,40.77082759,39.48150873,38.93174021,38.39089015,37.84984118,36.65183786,36.02122257,..,..,..
Renewable energy consumption (% of total final energy consumption),EG.FEC.RNEW.ZS,Indonesia,IDN,58.59753114,45.58150099,38.97047862,37.75342034,38.22547215,38.23365734,38.10645359,37.45426835,36.8793481,..,..,..
Renewable energy consumption (% of total final energy consumption),EG.FEC.RNEW.ZS,"Iran, Islamic Rep.",IRN,1.238359584,0.438389902,0.781922794,0.897453786,0.916869396,0.934277506,0.995531841,0.939119651,0.913005057,..,..,..
Renewable energy consumption (% of total final energy consumption),EG.FEC.RNEW.ZS,Iraq,IRQ,1.596326357,0.363571952,1.237633917,1.709637055,1.074336558,1.26387438,1.368784009,0.91210465,0.798830769,..,..,..
Renewable energy consumption (% of total final energy consumption),EG.FEC.RNEW.ZS,Ireland,IRL,2.279781342,2.034167233,5.246756479,5.273538143,6.709364607,6.618548611,7.404766881,8.520669791,9.081399013,..,..,..
Renewable energy consumption (% of total final energy consumption),EG.FEC.RNEW.ZS,Isle of Man,IMN,..,..,4.25031779,4.047555187,4.386401977,6.427508213,3.737466021,3.812707071,4.20758973,..,..,..
Renewable energy consumption (% of total final energy consumption),EG.FEC.RNEW.ZS,Israel,ISR,5.800245158,5.970640521,8.417051651,8.503355,9.021751467,2.686302925,3.319186866,3.680132349,3.707766913,..,..,..
Renewable energy consumption (% of total final energy consumption),EG.FEC.RNEW.ZS,Italy,ITA,3.781463481,5.119514798,12.53975273,12.794093,11.90494027,14.39164897,16.32088504,17.09035884,16.51685058,..,..,..
Renewable energy consumption (% of total final energy consumption),EG.FEC.RNEW.ZS,Jamaica,JAM,7.633355058,11.90213459,14.04097406,13.71996666,13.88479775,17.03903942,15.75997884,16.11678991,16.77190746,..,..,..
Renewable energy consumption (% of total final energy consumption),EG.FEC.RNEW.ZS,Japan,JPN,4.550664024,3.916108019,4.035613662,4.585529562,4.693602259,4.533085434,4.91215213,5.625025887,6.297357081,..,..,..
Renewable energy consumption (% of total final energy consumption),EG.FEC.RNEW.ZS,Jordan,JOR,2.765358064,2.084113358,2.783594185,2.973125599,3.027530759,2.939058732,3.150749899,3.130551865,3.229170042,..,..,..
Renewable energy consumption (% of total final energy consumption),EG.FEC.RNEW.ZS,Kazakhstan,KAZ,1.407717208,2.505037491,1.305589862,1.382363385,1.381919538,1.32774976,1.165225302,1.305655116,1.558442912,..,..,..
Renewable energy consumption (% of total final energy consumption),EG.FEC.RNEW.ZS,Kenya,KEN,77.5040046,79.03537161,78.14866866,76.27312323,77.0836394,78.49761951,77.13674631,75.5181686,72.66275251,..,..,..
Renewable energy consumption (% of total final energy consumption),EG.FEC.RNEW.ZS,Kiribati,KIR,5.220941832,4.847791592,3.077905542,3.464604798,3.57454933,3.275567476,3.032065601,3.465024455,4.253998693,..,..,..
Renewable energy consumption (% of total final energy consumption),EG.FEC.RNEW.ZS,"Korea, Dem. People’s Rep.",PRK,7.189592068,8.717750047,12.30734984,13.4749489,18.08156736,17.69173903,23.80729426,21.03318699,23.12326149,..,..,..
Renewable energy consumption (% of total final energy consumption),EG.FEC.RNEW.ZS,"Korea, Rep.",KOR,1.631946867,0.700450814,1.206796036,1.314953503,1.347612055,1.614257513,1.922273654,2.838191508,2.707702804,..,..,..
Renewable energy consumption (% of total final energy consumption),EG.FEC.RNEW.ZS,Kosovo,XKX,..,28.29928277,20.92019658,20.92146167,19.7192779,20.86210645,20.89663859,21.4611559,20.45090897,..,..,..
Renewable energy consumption (% of total final energy consumption),EG.FEC.RNEW.ZS,Kuwait,KWT,0.165242348,0,0,0,0,0,0,0,0,..,..,..
Renewable energy consumption (% of total final energy consumption),EG.FEC.RNEW.ZS,Kyrgyz Republic,KGZ,7.927699743,35.16661557,24.73126686,25.59478777,25.95073961,22.45447526,24.58105273,26.60830703,23.3068222,..,..,..
Renewable energy consumption (% of total final energy consumption),EG.FEC.RNEW.ZS,Lao PDR,LAO,88.44509701,85.47205755,66.82274145,71.50857939,66.2695521,63.34665782,60.68153174,60.47414119,59.31586075,..,..,..
Renewable energy consumption (% of total final energy consumption),EG.FEC.RNEW.ZS,Latvia,LVA,17.56969052,35.82038981,38.39414096,33.06400041,35.5339218,40.36562479,39.60303803,40.2360616,38.09801717,..,..,..
Renewable energy consumption (% of total final energy consumption),EG.FEC.RNEW.ZS,Lebanon,LBN,11.34168091,4.908444347,4.276906915,5.203632044,5.17973464,4.944418139,5.717306905,3.233519146,3.64671967,..,..,..
Renewable energy consumption (% of total final energy consumption),EG.FEC.RNEW.ZS,Lesotho,LSO,52.02797925,56.69817615,53.98140827,53.44923217,53.13546633,52.41275121,52.29837891,51.38889849,52.13920609,..,..,..
Renewable energy consumption (% of total final energy consumption),EG.FEC.RNEW.ZS,Liberia,LBR,88.81723914,90.82612478,91.51302451,89.2054669,87.36797439,85.17993645,86.98962649,83.93553433,83.84704334,..,..,..
Renewable energy consumption (% of total final energy consumption),EG.FEC.RNEW.ZS,Libya,LBY,3.129308451,2.042162689,1.719515088,1.568330806,2.230720912,1.912860304,1.71780327,1.753929078,1.966554457,..,..,..
Renewable energy consumption (% of total final energy consumption),EG.FEC.RNEW.ZS,Liechtenstein,LIE,..,..,58.99002935,58.69446665,61.43288218,61.92172469,60.46879241,62.59202627,63.13444144,..,..,..
Renewable energy consumption (% of total final energy consumption),EG.FEC.RNEW.ZS,Lithuania,LTU,3.096778514,17.18556439,20.08648269,21.45765236,22.73827261,23.9225825,26.34251347,27.70505248,28.96117925,..,..,..
Renewable energy consumption (% of total final energy consumption),EG.FEC.RNEW.ZS,Luxembourg,LUX,1.721832398,6.854022816,3.737162366,3.659683026,3.733296015,4.147856832,5.723199451,6.883231945,9.031313661,..,..,..
Renewable energy consumption (% of total final energy consumption),EG.FEC.RNEW.ZS,"Macao SAR, China",MAC,0.66098296,0.177456418,3.216439303,5.811880139,5.513253481,9.866821329,14.42308575,10.02047062,7.051363049,..,..,..
Renewable energy consumption (% of total final energy consumption),EG.FEC.RNEW.ZS,"Macedonia, FYR",MKD,2.410188215,19.37627019,18.46546403,22.3303036,18.64403534,18.28229655,21.19708744,21.20423858,24.21812973,..,..,..
Renewable energy consumption (% of total final energy consumption),EG.FEC.RNEW.ZS,Madagascar,MDG,85.64727683,78.39990119,83.17579674,81.93107572,78.84478146,76.39690018,72.74314641,72.02652708,70.17441591,..,..,..
Renewable energy consumption (% of total final energy consumption),EG.FEC.RNEW.ZS,Malawi,MWI,84.03097805,82.46920682,83.36206008,79.47031403,79.66270647,80.37294685,79.8747971,79.95087904,83.6494337,..,..,..
Renewable energy consumption (% of total final energy consumption),EG.FEC.RNEW.ZS,Malaysia,MYS,11.98054361,6.743503724,4.23012405,3.819042295,4.107762964,4.410310606,4.486299645,4.769773637,5.194442589,..,..,..
Renewable energy consumption (% of total final energy consumption),EG.FEC.RNEW.ZS,Maldives,MDV,4.458738895,2.126459269,1.264801622,1.164190484,1.140590425,1.039512377,1.041355828,0.903032402,1.009594693,..,..,..
Renewable energy consumption (% of total final energy consumption),EG.FEC.RNEW.ZS,Mali,MLI,88.63756683,85.38847575,72.70718331,69.12568403,66.6491335,64.92862094,62.40939748,64.59126071,61.52698472,..,..,..
Renewable energy consumption (% of total final energy consumption),EG.FEC.RNEW.ZS,Malta,MLT,0,0,0.263477406,1.387207134,2.026620693,2.595071855,2.580532947,3.930100863,5.355004746,..,..,..
Renewable energy consumption (% of total final energy consumption),EG.FEC.RNEW.ZS,Marshall Islands,MHL,..,19.57142695,13.96299806,13.30876071,12.05983123,12.0128203,12.06799216,12.01899833,11.16448465,..,..,..
Renewable energy consumption (% of total final energy consumption),EG.FEC.RNEW.ZS,Mauritania,MRT,46.99974359,44.4105076,33.42557912,33.9988157,33.28260162,31.84257648,34.19616519,32.01933582,32.15957247,..,..,..
Renewable energy consumption (% of total final energy consumption),EG.FEC.RNEW.ZS,Mauritius,MUS,47.06782744,20.42138254,12.87337846,13.658429,12.1429182,11.60886551,11.43757546,10.63386133,11.53736196,..,..,..
Renewable energy consumption (% of total final energy consumption),EG.FEC.RNEW.ZS,Mexico,MEX,14.41330169,12.16735994,9.168405481,9.359977543,9.066472235,8.964824208,9.231363457,9.758462423,9.215213455,..,..,..
Renewable energy consumption (% of total final energy consumption),EG.FEC.RNEW.ZS,"Micronesia, Fed. Sts.",FSM,..,1.192353649,1.146705141,1.500334041,1.427523894,1.322910871,1.24930742,1.157990361,1.196237862,..,..,..
Renewable energy consumption (% of total final energy consumption),EG.FEC.RNEW.ZS,Moldova,MDA,1.140957938,5.722138713,4.860461127,8.440061982,9.887070926,10.46933036,13.07886258,13.04735002,14.27368871,..,..,..
Renewable energy consumption (% of total final energy consumption),EG.FEC.RNEW.ZS,Monaco,MCO,..,..,..,..,..,..,..,..,..,..,..,..
Renewable energy consumption (% of total final energy consumption),EG.FEC.RNEW.ZS,Mongolia,MNG,1.89262443,5.713471108,4.36488739,4.348320566,3.899355383,2.847908701,2.924524461,3.269842824,3.42973729,..,..,..
Renewable energy consumption (% of total final energy consumption),EG.FEC.RNEW.ZS,Montenegro,MNE,..,..,49.16422976,49.09400765,42.83282857,45.91251069,49.37777669,45.99433488,43.00406055,..,..,..
Renewable energy consumption (% of total final energy consumption),EG.FEC.RNEW.ZS,Morocco,MAR,19.48255574,15.25900974,14.75654491,14.40785881,12.35167755,11.40499417,12.05025651,11.71858728,11.31745963,..,..,..
Renewable energy consumption (% of total final energy consumption),EG.FEC.RNEW.ZS,Mozambique,MOZ,93.10356192,93.60756443,91.66605281,91.30460426,90.45771948,90.82147005,90.31607107,88.85704783,86.40050892,..,..,..
Renewable energy consumption (% of total final energy consumption),EG.FEC.RNEW.ZS,Myanmar,MMR,90.90734721,80.16367444,85.62958632,84.40455649,83.86031305,77.90955817,74.10515902,66.13285379,61.52781165,..,..,..
Renewable energy consumption (% of total final energy consumption),EG.FEC.RNEW.ZS,Namibia,NAM,..,33.51405433,27.07544429,26.37391934,27.9422018,28.55746861,28.27231269,27.61747181,26.46842984,..,..,..
Renewable energy consumption (% of total final energy consumption),EG.FEC.RNEW.ZS,Nauru,NRU,0,0,0.084618534,0.083696109,0.0925676,0.092257544,0.081319789,0.07885016,0.076290366,..,..,..
Renewable energy consumption (% of total final energy consumption),EG.FEC.RNEW.ZS,Nepal,NPL,95.11971454,88.28454556,88.92708666,87.29244859,86.94551203,84.69734034,86.25309589,84.37478906,85.26395819,..,..,..
Renewable energy consumption (% of total final energy consumption),EG.FEC.RNEW.ZS,Netherlands,NLD,1.201611136,1.751963262,4.410131668,3.873162742,4.696714057,4.962298743,5.024976324,5.659627737,5.889463079,..,..,..
Renewable energy consumption (% of total final energy consumption),EG.FEC.RNEW.ZS,New Caledonia,NCL,10.15799083,7.182640669,6.705239281,4.478810198,5.568845868,6.195857234,6.228565034,3.982523019,4.759221211,..,..,..
Renewable energy consumption (% of total final energy consumption),EG.FEC.RNEW.ZS,New Zealand,NZL,30.03059277,28.95808981,30.22503243,31.32269173,32.1281911,30.47484154,30.00587283,30.32263714,30.78917555,..,..,..
Renewable energy consumption (% of total final energy consumption),EG.FEC.RNEW.ZS,Nicaragua,NIC,68.76593683,58.36679855,52.79614315,52.64110322,51.67871516,52.07877351,52.55522162,51.83928357,48.20490919,..,..,..
Renewable energy consumption (% of total final energy consumption),EG.FEC.RNEW.ZS,Niger,NER,..,87.68816385,83.2964811,80.70682998,77.27095453,72.74666524,78.73374228,78.14143846,78.93982752,..,..,..
Renewable energy consumption (% of total final energy consumption),EG.FEC.RNEW.ZS,Nigeria,NGA,87.77597276,86.19026509,88.83185073,86.7812381,86.15336544,86.44862816,86.78431,87.29924781,86.63562156,..,..,..
Renewable energy consumption (% of total final energy consumption),EG.FEC.RNEW.ZS,Northern Mariana Islands,MNP,..,0,0,0,0,0,0,0,0,..,..,..
Renewable energy consumption (% of total final energy consumption),EG.FEC.RNEW.ZS,Norway,NOR,59.17374641,60.18813121,56.77092509,56.42455578,56.52932897,58.27585039,57.72594953,57.19640195,57.7720016,..,..,..
Renewable energy consumption (% of total final energy consumption),EG.FEC.RNEW.ZS,Oman,OMN,0,0,0,0,0,0,0,0,0,..,..,..
Renewable energy consumption (% of total final energy consumption),EG.FEC.RNEW.ZS,Pakistan,PAK,57.50053324,50.95914949,45.77233981,46.7220403,46.07094048,46.52323559,47.46095201,46.60452974,46.47632492,..,..,..
Renewable energy consumption (% of total final energy consumption),EG.FEC.RNEW.ZS,Palau,PLW,..,0,0,0,0,0,0,0,0,..,..,..
Renewable energy consumption (% of total final energy consumption),EG.FEC.RNEW.ZS,Panama,PAN,43.58944565,34.39784934,26.22326101,19.93740572,19.14038946,20.61955102,20.31333379,19.77078859,21.23415234,..,..,..
Renewable energy consumption (% of total final energy consumption),EG.FEC.RNEW.ZS,Papua New Guinea,PNG,71.70041076,66.37890711,56.01605302,55.2524869,54.73322636,55.46508172,53.99550997,52.55234961,52.49865195,..,..,..
Renewable energy consumption (% of total final energy consumption),EG.FEC.RNEW.ZS,Paraguay,PRY,78.50645262,70.41173574,66.39284642,64.249376,63.11141223,62.67748634,63.10270154,63.11693531,61.67699459,..,..,..
Renewable energy consumption (% of total final energy consumption),EG.FEC.RNEW.ZS,Peru,PER,39.4258282,32.1550549,28.06084509,30.79721128,29.54725883,28.25329448,25.98338532,25.99686493,25.50390552,..,..,..
Renewable energy consumption (% of total final energy consumption),EG.FEC.RNEW.ZS,Philippines,PHL,50.9465674,34.84503162,31.2239207,28.81183559,29.39878283,30.22468995,29.30716135,28.58217185,27.45154445,..,..,..
Renewable energy consumption (% of total final energy consumption),EG.FEC.RNEW.ZS,Poland,POL,2.501484839,6.926653185,8.842062692,9.488623858,10.43787918,10.91514325,11.41337981,11.56931553,11.91148821,..,..,..
Renewable energy consumption (% of total final energy consumption),EG.FEC.RNEW.ZS,Portugal,PRT,26.94447493,20.11402495,24.89454299,27.82797757,27.21910302,25.51744089,30.17205521,30.45700808,27.15729839,..,..,..
Renewable energy consumption (% of total final energy consumption),EG.FEC.RNEW.ZS,Puerto Rico,PRI,1.746942855,0.733473891,0.733664639,0.573634039,0.673052168,0.698647347,1.393244137,1.627869144,1.837446383,..,..,..
Renewable energy consumption (% of total final energy consumption),EG.FEC.RNEW.ZS,Qatar,QAT,0,0,0,0,0,0,0,0,0,..,..,..
Renewable energy consumption (% of total final energy consumption),EG.FEC.RNEW.ZS,Romania,ROU,3.355765883,16.36718689,22.18226968,24.09570704,21.11273621,21.55095917,23.0902322,24.3318801,23.69779403,..,..,..
Renewable energy consumption (% of total final energy consumption),EG.FEC.RNEW.ZS,Russian Federation,RUS,3.751939258,3.497189098,3.599623033,3.342748397,3.227795536,3.354041116,3.744504114,3.422426946,3.304228351,..,..,..
Renewable energy consumption (% of total final energy consumption),EG.FEC.RNEW.ZS,Rwanda,RWA,80.08755822,86.67852456,90.54192683,90.65552908,89.64481259,88.78529096,88.47424848,88.18130377,86.65537429,..,..,..
Renewable energy consumption (% of total final energy consumption),EG.FEC.RNEW.ZS,Samoa,WSM,46.20460855,45.37231363,45.68830371,46.75466992,39.81963693,40.12092744,42.25371508,42.33507744,34.32489441,..,..,..
Renewable energy consumption (% of total final energy consumption),EG.FEC.RNEW.ZS,San Marino,SMR,..,..,..,..,..,..,..,..,..,..,..,..
Renewable energy consumption (% of total final energy consumption),EG.FEC.RNEW.ZS,Sao Tome and Principe,STP,50.92907396,54.72895742,45.40838959,43.75954955,43.11961536,41.24606123,41.3950243,41.80943769,41.05599898,..,..,..
Renewable energy consumption (% of total final energy consumption),EG.FEC.RNEW.ZS,Saudi Arabia,SAU,0.037984679,0.009117777,0.007049215,0.006254908,0.006841222,0.006455407,0.006374478,0.006008742,0.005976542,..,..,..
Renewable energy consumption (% of total final energy consumption),EG.FEC.RNEW.ZS,Senegal,SEN,55.55101113,47.51524555,51.95856714,50.26046684,48.6553647,50.36974551,43.59382927,43.35706358,42.71175163,..,..,..
Renewable energy consumption (% of total final energy consumption),EG.FEC.RNEW.ZS,Serbia,SRB,15.49165266,23.58647717,20.82235705,20.59508764,17.55075746,19.60573384,20.22826896,23.42929075,21.17388528,..,..,..
Renewable energy consumption (% of total final energy consumption),EG.FEC.RNEW.ZS,Seychelles,SYC,4.248395139,0.571808231,0.505036067,0.625464048,0.963233962,0.630526085,1.288574303,1.298537644,1.352935548,..,..,..
Renewable energy consumption (% of total final energy consumption),EG.FEC.RNEW.ZS,Sierra Leone,SLE,91.28215225,89.28415166,85.38656001,84.17509258,80.34597479,78.42975555,75.22477528,73.05428622,77.66055863,..,..,..
Renewable energy consumption (% of total final energy consumption),EG.FEC.RNEW.ZS,Singapore,SGP,0.194833724,0.325118893,0.478419172,0.475165157,0.469261488,0.495199918,0.555974866,0.621625223,0.708635297,..,..,..
Renewable energy consumption (% of total final energy consumption),EG.FEC.RNEW.ZS,Sint Maarten (Dutch part),SXM,..,..,..,..,..,0.049934062,0.048935667,0.047959511,0.046334032,..,..,..
Renewable energy consumption (% of total final energy consumption),EG.FEC.RNEW.ZS,Slovak Republic,SVK,2.225335934,3.728088583,9.999141564,10.27973566,10.35756693,10.47258454,10.67838221,12.24275155,13.40916822,..,..,..
Renewable energy consumption (% of total final energy consumption),EG.FEC.RNEW.ZS,Slovenia,SVN,12.35195059,15.86476462,19.02836498,19.50475385,18.58643293,19.70462575,22.00563259,22.30048656,20.87739614,..,..,..
Renewable energy consumption (% of total final energy consumption),EG.FEC.RNEW.ZS,Solomon Islands,SLB,59.01436959,66.90179033,64.00517079,63.48961794,63.6749209,63.53150158,63.43069834,62.99314064,63.3074464,..,..,..
Renewable energy consumption (% of total final energy consumption),EG.FEC.RNEW.ZS,Somalia,SOM,87.20321653,93.28312275,93.63149641,93.57214496,93.64950584,93.89456064,94.23044997,94.42694974,94.28596661,..,..,..
Renewable energy consumption (% of total final energy consumption),EG.FEC.RNEW.ZS,South Africa,ZAF,16.62782171,18.50808046,15.57029253,17.07980233,16.97859476,16.63288545,16.09739397,16.5881622,17.15014125,..,..,..
Renewable energy consumption (% of total final energy consumption),EG.FEC.RNEW.ZS,South Sudan,SSD,..,..,..,..,..,30.19682128,29.70165497,29.82963329,39.07438432,..,..,..
Renewable energy consumption (% of total final energy consumption),EG.FEC.RNEW.ZS,Spain,ESP,10.54443118,7.884334625,12.21794729,14.39578579,14.74592653,15.77095021,16.9499657,17.3517358,16.25409774,..,..,..
Renewable energy consumption (% of total final energy consumption),EG.FEC.RNEW.ZS,Sri Lanka,LKA,78.0872449,64.15656553,63.50919518,61.84228066,59.24946453,60.6912926,59.87225334,57.58518113,52.87589204,..,..,..
Renewable energy consumption (% of total final energy consumption),EG.FEC.RNEW.ZS,St. Kitts and Nevis,KNA,40.03232618,26.6385794,0.012701915,0.992490943,0.927705413,1.327948342,1.512150826,1.697402808,1.642191194,..,..,..
Renewable energy consumption (% of total final energy consumption),EG.FEC.RNEW.ZS,St. Lucia,LCA,5.467459385,2.615928342,2.255494717,2.204035523,2.177751912,2.178078022,2.173729698,2.145866181,2.132623536,..,..,..
Renewable energy consumption (% of total final energy consumption),EG.FEC.RNEW.ZS,St. Martin (French part),MAF,..,..,..,..,..,..,..,..,..,..,..,..
Renewable energy consumption (% of total final energy consumption),EG.FEC.RNEW.ZS,St. Vincent and the Grenadines,VCT,15.43977328,8.491270771,4.367260075,5.486490891,6.546934469,5.191932616,6.007107459,5.800947299,5.807433397,..,..,..
Renewable energy consumption (% of total final energy consumption),EG.FEC.RNEW.ZS,Sudan,SDN,73.26663513,80.42213461,63.28098443,61.44174976,63.97146086,59.81755319,61.30915496,62.43602847,61.59674748,..,..,..
Renewable energy consumption (% of total final energy consumption),EG.FEC.RNEW.ZS,Suriname,SUR,..,26.47467036,28.65052533,24.54433933,25.44612724,23.04923094,25.96714517,25.38253637,24.91311036,..,..,..
Renewable energy consumption (% of total final energy consumption),EG.FEC.RNEW.ZS,Sweden,SWE,34.06199197,40.00825867,47.0773642,45.97780593,46.48702965,49.9485495,48.82522226,49.69341469,53.2477698,..,..,..
Renewable energy consumption (% of total final energy consumption),EG.FEC.RNEW.ZS,Switzerland,CHE,17.12391004,18.63012414,20.75387289,21.46036384,21.55703291,22.95850279,22.99251967,23.41814723,25.29198368,..,..,..
Renewable energy consumption (% of total final energy consumption),EG.FEC.RNEW.ZS,Syrian Arab Republic,SYR,2.360017397,2.000425733,0.933023195,1.410584971,1.903355508,2.519695713,2.8582156,2.353229564,0.521155172,..,..,..
Renewable energy consumption (% of total final energy consumption),EG.FEC.RNEW.ZS,Tajikistan,TJK,29.63775189,62.41341105,60.57507848,61.8343249,59.98027752,55.07985483,57.9210513,45.75639236,44.65920392,..,..,..
Renewable energy consumption (% of total final energy consumption),EG.FEC.RNEW.ZS,Tanzania,TZA,94.78490931,93.72447028,91.64074018,90.3162285,88.51373563,86.35448997,86.62480636,86.67360332,85.71304194,..,..,..
Renewable energy consumption (% of total final energy consumption),EG.FEC.RNEW.ZS,Thailand,THA,33.63913092,21.98813771,22.65736722,22.65487764,22.75552404,23.28982035,22.94360746,24.09572604,22.86307013,..,..,..
Renewable energy consumption (% of total final energy consumption),EG.FEC.RNEW.ZS,Timor-Leste,TLS,..,..,36.78219132,34.68922929,32.71107751,25.51298994,21.54162756,18.42248837,18.22368928,..,..,..
Renewable energy consumption (% of total final energy consumption),EG.FEC.RNEW.ZS,Togo,TGO,78.70141705,77.11207846,63.39771059,65.82542063,69.15686118,72.73741885,72.3995414,72.1615066,71.26466714,..,..,..
Renewable energy consumption (% of total final energy consumption),EG.FEC.RNEW.ZS,Tonga,TON,1.486607998,2.476729754,1.817493187,1.00787071,1.135017453,1.146957861,1.575649455,1.697629309,1.879751582,..,..,..
Renewable energy consumption (% of total final energy consumption),EG.FEC.RNEW.ZS,Trinidad and Tobago,TTO,1.193023774,0.759098479,0.400455156,0.334349645,0.359608807,0.324047643,0.309722806,0.280380128,0.284205764,..,..,..
Renewable energy consumption (% of total final energy consumption),EG.FEC.RNEW.ZS,Tunisia,TUN,14.48023914,14.23478083,16.06999317,12.68783984,13.32762319,13.08440893,13.24921425,12.93362971,12.56235035,..,..,..
Renewable energy consumption (% of total final energy consumption),EG.FEC.RNEW.ZS,Turkey,TUR,24.51077696,17.26660897,13.32838057,14.32649611,12.78061278,12.83168463,13.84754526,11.60788754,13.37423004,..,..,..
Renewable energy consumption (% of total final energy consumption),EG.FEC.RNEW.ZS,Turkmenistan,TKM,0.277582764,0.0942309,0.081312147,0.072192893,0.065071312,0.039532208,0.042414307,0.041261664,0.040887886,..,..,..
Renewable energy consumption (% of total final energy consumption),EG.FEC.RNEW.ZS,Turks and Caicos Islands,TCA,1.792108636,0.688235241,0.53184967,0.524279329,0.593043645,0.587956971,0.603267318,0.576831433,0.572166001,..,..,..
Renewable energy consumption (% of total final energy consumption),EG.FEC.RNEW.ZS,Tuvalu,TUV,0,0,0,0,0,0,0,0,0,..,..,..
Renewable energy consumption (% of total final energy consumption),EG.FEC.RNEW.ZS,Uganda,UGA,96.01851287,93.90604626,92.43868599,91.60617339,91.09121326,91.26617591,90.75016556,90.22213006,89.05794898,..,..,..
Renewable energy consumption (% of total final energy consumption),EG.FEC.RNEW.ZS,Ukraine,UKR,0.650122965,1.254580066,2.963282591,2.882713434,2.738518,2.857634591,3.488733284,3.499746218,4.144318039,..,..,..
Renewable energy consumption (% of total final energy consumption),EG.FEC.RNEW.ZS,United Arab Emirates,ARE,0,0.076377173,0.106410818,0.108121925,0.108040123,0.104984898,0.111770805,0.145671401,0.137108046,..,..,..
Renewable energy consumption (% of total final energy consumption),EG.FEC.RNEW.ZS,United Kingdom,GBR,0.651133978,0.961901516,3.383031663,3.638918262,4.401118621,4.751257619,6.015780949,7.395220456,8.711685574,..,..,..
Renewable energy consumption (% of total final energy consumption),EG.FEC.RNEW.ZS,United States,USA,4.175462186,5.429623689,7.354404755,7.505172055,8.164451646,8.481450408,8.713261573,8.754308954,8.716935867,..,..,..
Renewable energy consumption (% of total final energy consumption),EG.FEC.RNEW.ZS,Uruguay,URY,44.81247732,38.80270713,45.2937671,52.8186125,48.84249423,46.9248622,50.74627302,55.39133872,58.02204118,..,..,..
Renewable energy consumption (% of total final energy consumption),EG.FEC.RNEW.ZS,Uzbekistan,UZB,1.329744598,1.224016415,2.219765403,2.64349718,2.246520656,2.380965421,2.874228061,2.896783513,2.9701787,..,..,..
Renewable energy consumption (% of total final energy consumption),EG.FEC.RNEW.ZS,Vanuatu,VUT,24.15796686,48.65103379,38.78183184,38.37573943,36.63566257,40.30569589,42.57333063,32.14283066,36.1110646,..,..,..
Renewable energy consumption (% of total final energy consumption),EG.FEC.RNEW.ZS,"Venezuela, RB",VEN,11.97733019,14.66337621,13.64699869,11.43601466,13.52549225,12.24420101,14.41997394,12.3158343,12.84157855,..,..,..
Renewable energy consumption (% of total final energy consumption),EG.FEC.RNEW.ZS,Vietnam,VNM,76.08164466,57.96370073,37.16681368,34.79589882,36.52695938,38.11436603,37.39155073,37.03547263,34.99856984,..,..,..
Renewable energy consumption (% of total final energy consumption),EG.FEC.RNEW.ZS,Virgin Islands (U.S.),VIR,0,0,0,0,0.341455803,0.971550724,1.650198943,2.755002508,3.877525214,..,..,..
Renewable energy consumption (% of total final energy consumption),EG.FEC.RNEW.ZS,West Bank and Gaza,PSE,22.08208293,17.5249047,16.54086718,14.06476868,15.42016001,12.24030075,11.61040474,10.53025847,10.47271496,..,..,..
Renewable energy consumption (% of total final energy consumption),EG.FEC.RNEW.ZS,"Yemen, Rep.",YEM,2.148637786,1.151250455,0.862384217,0.963571052,1.139321803,1.332788126,0.93193693,0.974200975,2.276416687,..,..,..
Renewable energy consumption (% of total final energy consumption),EG.FEC.RNEW.ZS,Zambia,ZMB,82.98273423,89.99074144,92.08655998,92.10429746,90.89960814,88.63232944,88.47620857,88.03403729,87.98545236,..,..,..
Renewable energy consumption (% of total final energy consumption),EG.FEC.RNEW.ZS,Zimbabwe,ZWE,63.97640941,69.25877712,83.15371127,82.8795412,79.57422657,78.01970206,79.56109383,81.0492915,81.79780855,..,..,..
Renewable energy consumption (% of total final energy consumption),EG.FEC.RNEW.ZS,Arab World,ARB,7.344357767,6.609618379,5.049516514,4.839533843,4.697129592,4.167045031,4.226176912,4.170017467,4.094036566,..,..,..
Renewable energy consumption (% of total final energy consumption),EG.FEC.RNEW.ZS,Caribbean small states,CSS,10.2737893,12.38808046,9.611623269,9.096342072,9.670547038,9.408054552,8.681161024,8.548252869,8.825976767,..,..,..
Renewable energy consumption (% of total final energy consumption),EG.FEC.RNEW.ZS,Central Europe and the Baltics,CEB,4.142354367,9.874942172,13.36929212,14.5383552,14.74094767,15.68512666,16.6491391,17.04124349,17.12189336,..,..,..
Renewable energy consumption (% of total final energy consumption),EG.FEC.RNEW.ZS,Early-demographic dividend,EAR,37.07110227,32.18641515,26.89604553,26.481427,26.29279254,25.93000266,26.17588925,25.6079937,25.55484489,..,..,..
Renewable energy consumption (% of total final energy consumption),EG.FEC.RNEW.ZS,East Asia & Pacific,EAS,26.19625392,22.26304182,14.45428507,13.72944677,13.0737015,13.37594046,13.34313461,13.75344205,13.85760268,..,..,..
Renewable energy consumption (% of total final energy consumption),EG.FEC.RNEW.ZS,East Asia & Pacific (excluding high income),EAP,36.99579259,31.86379539,17.60693856,16.47181744,15.45679224,15.76478738,15.57017503,15.85261291,15.86116048,..,..,..
Renewable energy consumption (% of total final energy consumption),EG.FEC.RNEW.ZS,East Asia & Pacific (IDA & IBRD countries),TEA,38.0391222,32.26325925,17.64900266,16.49274078,15.44340837,15.75484535,15.53993704,15.83215773,15.83852065,..,..,..
Renewable energy consumption (% of total final energy consumption),EG.FEC.RNEW.ZS,Euro area,EMU,6.499471929,7.519149686,12.10542351,12.83308817,13.07253648,14.3305386,15.17948448,16.0443469,16.0832622,..,..,..
Renewable energy consumption (% of total final energy consumption),EG.FEC.RNEW.ZS,Europe & Central Asia,ECS,5.706920065,7.635816336,10.36446899,10.83314807,10.72269118,11.55027358,12.31829612,12.6175816,13.07308474,..,..,..
Renewable energy consumption (% of total final energy consumption),EG.FEC.RNEW.ZS,Europe & Central Asia (excluding high income),ECA,4.042819308,5.561220636,5.947408003,6.043999224,5.563512562,5.806630061,6.38323152,6.15118411,6.478533004,..,..,..
Renewable energy consumption (% of total final energy consumption),EG.FEC.RNEW.ZS,Europe & Central Asia (IDA & IBRD countries),TEC,4.065451112,5.843103903,6.400664638,6.562925799,6.14624159,6.419911106,7.022747702,6.802529038,7.14818365,..,..,..
Renewable energy consumption (% of total final energy consumption),EG.FEC.RNEW.ZS,European Union,EUU,6.12810327,7.920314153,12.19764634,12.96002943,13.33735643,14.48796354,15.30709158,16.22013856,16.56111224,..,..,..
Renewable energy consumption (% of total final energy consumption),EG.FEC.RNEW.ZS,Fragile and conflict affected situations,FCS,54.10392562,51.94015955,52.35844534,51.48741915,52.43488134,49.94776808,50.26118658,51.73357649,53.68924484,..,..,..
Renewable energy consumption (% of total final energy consumption),EG.FEC.RNEW.ZS,Heavily indebted poor countries (HIPC),HPC,85.9912633,85.52761274,81.19703375,80.19857062,79.36152632,78.00915879,78.12236052,77.97924264,77.23991042,..,..,..
Renewable energy consumption (% of total final energy consumption),EG.FEC.RNEW.ZS,High income,HIC,6.45460986,7.26820472,9.302220014,9.567938583,9.953200256,10.4236334,10.78809759,11.01316051,11.16421052,..,..,..
Renewable energy consumption (% of total final energy consumption),EG.FEC.RNEW.ZS,IBRD only,IBD,23.10244867,24.47638917,18.54913592,17.87204732,17.16360798,17.24716542,17.27697134,17.27507141,17.40705474,..,..,..
Renewable energy consumption (% of total final energy consumption),EG.FEC.RNEW.ZS,IDA & IBRD total,IBT,27.60403355,29.92296174,24.10990786,23.35717689,22.64060932,22.65135153,22.7482989,22.73420923,22.87595835,..,..,..
Renewable energy consumption (% of total final energy consumption),EG.FEC.RNEW.ZS,IDA blend,IDB,55.83550805,58.79199724,61.74675039,61.90329848,60.95379012,61.43878359,63.10434702,62.74411558,62.92187106,..,..,..
Renewable energy consumption (% of total final energy consumption),EG.FEC.RNEW.ZS,IDA only,IDX,75.45407232,77.44913376,72.50971919,71.6326321,71.30988048,70.50548726,70.71043699,70.19819366,69.74193936,..,..,..
Renewable energy consumption (% of total final energy consumption),EG.FEC.RNEW.ZS,IDA total,IDA,65.0775053,67.67525826,67.18447792,66.82423431,66.15830908,65.91995652,66.95165728,66.56206442,66.40943922,..,..,..
Renewable energy consumption (% of total final energy consumption),EG.FEC.RNEW.ZS,Late-demographic dividend,LTE,19.56985365,21.73382889,15.40036227,14.63315232,13.80952443,13.99975919,13.93054548,14.07068249,14.20181591,..,..,..
Renewable energy consumption (% of total final energy consumption),EG.FEC.RNEW.ZS,Latin America & Caribbean,LCN,32.43916163,28.29366659,29.04790644,28.33140131,28.20623503,27.38285576,27.29622184,27.08299299,27.60249959,..,..,..
Renewable energy consumption (% of total final energy consumption),EG.FEC.RNEW.ZS,Latin America & Caribbean (excluding high income),LAC,35.18355831,30.65999488,31.76888006,30.96984407,30.61834162,29.5738016,29.38603471,29.22768517,30.0684226,..,..,..
Renewable energy consumption (% of total final energy consumption),EG.FEC.RNEW.ZS,Latin America & the Caribbean (IDA & IBRD countries),TLA,32.22894798,28.37726556,29.43750663,28.73161937,28.53778793,27.68687601,27.60131271,27.34965115,27.87435882,..,..,..
Renewable energy consumption (% of total final energy consumption),EG.FEC.RNEW.ZS,Least developed countries: UN classification,LDC,86.05031893,83.86990268,77.89958901,76.6690346,75.92697224,74.73763819,74.1968828,73.4133848,73.21950492,..,..,..
Renewable energy consumption (% of total final energy consumption),EG.FEC.RNEW.ZS,Low & middle income,LMY,28.18252233,30.5462654,24.44186429,23.67072236,22.90931509,22.90139425,22.98421624,22.96725691,23.12873232,..,..,..
Renewable energy consumption (% of total final energy consumption),EG.FEC.RNEW.ZS,Low income,LIC,62.82483013,71.96220021,73.42606324,73.24999539,74.49781918,74.90919077,76.35610009,76.00077419,78.01308694,..,..,..
Renewable energy consumption (% of total final energy consumption),EG.FEC.RNEW.ZS,Lower middle income,LMC,45.2168923,47.07884,41.95388712,40.96040568,40.67139204,40.65077001,40.70221763,40.13469564,39.75628922,..,..,..
Renewable energy consumption (% of total final energy consumption),EG.FEC.RNEW.ZS,Middle East & North Africa,MEA,2.859287994,2.174388262,1.940973112,1.922598368,1.85557133,1.644914101,1.682404469,1.601525036,1.557856614,..,..,..
Renewable energy consumption (% of total final energy consumption),EG.FEC.RNEW.ZS,Middle East & North Africa (excluding high income),MNA,4.043213039,2.973224899,2.72383331,2.759433566,2.669825357,2.647592018,2.692829787,2.566794362,2.530026853,..,..,..
Renewable energy consumption (% of total final energy consumption),EG.FEC.RNEW.ZS,Middle East & North Africa (IDA & IBRD countries),TMN,3.977313155,2.924644404,2.676513854,2.718619957,2.627571565,2.610384702,2.658065008,2.527598481,2.490436392,..,..,..
Renewable energy consumption (% of total final energy consumption),EG.FEC.RNEW.ZS,Middle income,MIC,26.51936684,28.39928182,22.14057886,21.41556747,20.64289371,20.71613468,20.73128324,20.68564669,20.81248072,..,..,..
Renewable energy consumption (% of total final energy consumption),EG.FEC.RNEW.ZS,North America,NAC,6.157155854,7.19201905,9.051324875,9.069901538,9.706722284,10.06982233,10.24550067,10.22052873,10.17618579,..,..,..
Renewable energy consumption (% of total final energy consumption),EG.FEC.RNEW.ZS,Not classified,INX,..,..,..,..,..,..,..,..,..,..,..,..
Renewable energy consumption (% of total final energy consumption),EG.FEC.RNEW.ZS,OECD members,OED,6.996937736,7.754127772,9.941475933,10.25753042,10.6406701,11.16853666,11.57621338,11.80190326,12.00688679,..,..,..
Renewable energy consumption (% of total final energy consumption),EG.FEC.RNEW.ZS,Other small states,OSS,26.95002882,30.73659443,30.7462449,30.74678706,28.89354188,26.39632679,28.9530971,27.00113877,27.13974716,..,..,..
Renewable energy consumption (% of total final energy consumption),EG.FEC.RNEW.ZS,Pacific island small states,PSS,47.70016566,44.95425419,33.55536847,31.48304436,32.71613803,32.18664567,34.10440353,32.65879226,30.40789984,..,..,..
Renewable energy consumption (% of total final energy consumption),EG.FEC.RNEW.ZS,Post-demographic dividend,PST,6.344831217,7.244864232,9.528022427,9.858593462,10.23261842,10.80785174,11.21564063,11.56193253,11.79966193,..,..,..
Renewable energy consumption (% of total final energy consumption),EG.FEC.RNEW.ZS,Pre-demographic dividend,PRE,78.28335553,78.08437105,78.17633302,76.33218785,75.08809965,74.01907207,74.25137124,75.39540276,75.58258938,..,..,..
Renewable energy consumption (% of total final energy consumption),EG.FEC.RNEW.ZS,Small states,SST,23.99912888,26.8614359,27.03535977,27.00371646,25.57216531,23.48903581,25.51324743,23.96495688,24.17118146,..,..,..
Renewable energy consumption (% of total final energy consumption),EG.FEC.RNEW.ZS,South Asia,SAS,60.00470096,52.9094458,42.73822134,41.5887595,40.87481222,40.4365187,40.17092625,38.99754223,38.27538465,..,..,..
Renewable energy consumption (% of total final energy consumption),EG.FEC.RNEW.ZS,South Asia (IDA & IBRD),TSA,60.00470096,52.9094458,42.73822134,41.5887595,40.87481222,40.4365187,40.17092625,38.99754223,38.27538465,..,..,..
Renewable energy consumption (% of total final energy consumption),EG.FEC.RNEW.ZS,Sub-Saharan Africa,SSF,71.13463656,72.86854405,70.94473725,71.42246801,71.08693842,70.31135122,70.04091389,70.2864319,70.12737498,..,..,..
Renewable energy consumption (% of total final energy consumption),EG.FEC.RNEW.ZS,Sub-Saharan Africa (excluding high income),SSA,71.14376661,72.90906529,70.97107961,71.4433412,71.10020476,70.33067154,70.05701659,70.30293926,70.14385116,..,..,..
Renewable energy consumption (% of total final energy consumption),EG.FEC.RNEW.ZS,Sub-Saharan Africa (IDA & IBRD countries),TSS,71.13463656,72.86854405,70.94473725,71.42246801,71.08693842,70.31135122,70.04091389,70.2864319,70.12737498,..,..,..
Renewable energy consumption (% of total final energy consumption),EG.FEC.RNEW.ZS,Upper middle income,UMC,19.13052745,19.99349325,14.17007514,13.66755097,12.82189412,12.90790278,12.92708653,13.03678672,13.28101968,..,..,..
Renewable energy consumption (% of total final energy consumption),EG.FEC.RNEW.ZS,World,WLD,17.06715389,17.8993922,17.5116086,17.25519195,17.20977103,17.47623659,17.69905686,17.87018404,18.05375499,..,..,..
,,,,,,,,,,,,,,,
,,,,,,,,,,,,,,,
,,,,,,,,,,,,,,,
Data from database: World Development Indicators,,,,,,,,,,,,,,,
Last Updated: 01/30/2019,,,,,,,,,,,,,,,
